performance_agent_0_aaoqafelvunpurt,password
performance_agent_0_aavvzgunepcmlzo,password
performance_agent_0_aawtqnuogtaxxfq,password
performance_agent_0_adbrtfuylguhyfx,password
performance_agent_0_adorbpablkxiifq,password
performance_agent_0_afblpmqeuwdzqft,password
performance_agent_0_afibzdzyieqgcca,password
performance_agent_0_afkcsopnukjbmhr,password
performance_agent_0_afxpuhnknwhdsoo,password
performance_agent_0_agdtyszjdtjgnay,password
performance_agent_0_agdvfpvlucwhqrj,password
performance_agent_0_agsewuyaxwagvqi,password
performance_agent_0_agwprhfgfyujypi,password
performance_agent_0_ahcqtjthvypcohy,password
performance_agent_0_aiaoatrhicrsbcb,password
performance_agent_0_ajlonjgmungqcqw,password
performance_agent_0_alhersiuxxrwzpq,password
performance_agent_0_alvojvtxypxvtsc,password
performance_agent_0_amcufpptdnwncrl,password
performance_agent_0_amogdvzwoecelqb,password
performance_agent_0_anbciyymoqvjhad,password
performance_agent_0_anfhwvfpfmxazip,password
performance_agent_0_aoeqvfbqmocjymy,password
performance_agent_0_aooewvnlbbppieo,password
performance_agent_0_aowpmejlrxcwpqa,password
performance_agent_0_apgakmqpfvwnhma,password
performance_agent_0_aphcnlrlxkxtmtj,password
performance_agent_0_apwaagobbypfgaq,password
performance_agent_0_argeolpczaufhew,password
performance_agent_0_aruwcscinfntpus,password
performance_agent_0_aslncqvnmrbjksb,password
performance_agent_0_aspgotclucjikfs,password
performance_agent_0_atburmakqfokukr,password
performance_agent_0_atlbhaehfrgpbet,password
performance_agent_0_auvgtqqfonjscxp,password
performance_agent_0_axllqbywkrjlxdn,password
performance_agent_0_ayfbnkhmgiyqdpv,password
performance_agent_0_azoceilcwfutlxu,password
performance_agent_0_azzpshpwvlpamen,password
performance_agent_0_bautbeweojcmjgh,password
performance_agent_0_bbfpurosqtkhetq,password
performance_agent_0_bboumnlwopwilla,password
performance_agent_0_bcajbgbcdvehhnr,password
performance_agent_0_bcyijlcsaugtaxh,password
performance_agent_0_bdhrhopplivuvfh,password
performance_agent_0_bdhrzplkmrrhzcc,password
performance_agent_0_bdmrlwusnndkfyc,password
performance_agent_0_beeftuvacgwjoqi,password
performance_agent_0_bexpqtrlkzspmhm,password
performance_agent_0_bfioozzowzvvrhz,password
